Date,Equity
2016-01-04,1000000.0
2016-01-05,1000000.0
2016-01-06,1000000.0
2016-01-07,1000000.0
2016-01-08,1000000.0
2016-01-11,1000000.0
2016-01-12,1000000.0
2016-01-13,1000000.0
2016-01-14,1000000.0
2016-01-15,1000000.0
2016-01-18,1000000.0
2016-01-19,1000000.0
2016-01-20,1000000.0
2016-01-21,1000000.0
2016-01-22,1000000.0
2016-01-25,1000000.0
2016-01-26,1000000.0
2016-01-27,1000000.0
2016-01-28,1000000.0
2016-01-29,1000000.0
2016-02-01,1000000.0
2016-02-02,1000000.0
2016-02-03,1000000.0
2016-02-04,1000000.0
2016-02-05,1000000.0
2016-02-08,1000000.0
2016-02-09,1000000.0
2016-02-10,1000000.0
2016-02-11,1000000.0
2016-02-12,1000000.0
2016-02-15,1000000.0
2016-02-16,1000000.0
2016-02-17,1000000.0
2016-02-18,1000000.0
2016-02-19,1000000.0
2016-02-22,1000000.0
2016-02-23,1000000.0
2016-02-24,1000000.0
2016-02-25,1000000.0
2016-02-26,1000000.0
2016-02-29,1000000.0
2016-03-01,1000000.0
2016-03-02,1000000.0
2016-03-03,1000000.0
2016-03-04,1000000.0
2016-03-07,1000000.0
2016-03-08,1000000.0
2016-03-09,1000000.0
2016-03-10,1000000.0
2016-03-11,1000000.0
2016-03-14,1000000.0
2016-03-15,1000000.0
2016-03-16,1000000.0
2016-03-17,1000000.0
2016-03-18,1000000.0
2016-03-21,1000000.0
2016-03-22,1000000.0
2016-03-23,1000000.0
2016-03-24,1000000.0
2016-03-25,1000000.0
2016-03-28,1000000.0
2016-03-29,1000000.0
2016-03-30,1000000.0
2016-03-31,1000000.0
2016-04-01,1000000.0
2016-04-04,1000000.0
2016-04-05,1000000.0
2016-04-06,1000000.0
2016-04-07,1000000.0
2016-04-08,1000000.0
2016-04-11,1000000.0
2016-04-12,1000000.0
2016-04-13,1000000.0
2016-04-14,1000000.0
2016-04-15,1000000.0
2016-04-18,1000000.0
2016-04-19,1000000.0
2016-04-20,1000000.0
2016-04-21,1000000.0
2016-04-22,1000000.0
2016-04-25,1000000.0
2016-04-26,1000000.0
2016-04-27,1000000.0
2016-04-28,1000000.0
2016-04-29,1000000.0
2016-05-02,1000000.0
2016-05-03,1000000.0
2016-05-04,1000000.0
2016-05-05,1000000.0
2016-05-06,1000000.0
2016-05-09,1000000.0
2016-05-10,1000000.0
2016-05-11,1000000.0
2016-05-12,1000000.0
2016-05-13,1000000.0
2016-05-16,1000000.0
2016-05-17,1000000.0
2016-05-18,1000000.0
2016-05-19,1000000.0
2016-05-20,1000000.0
2016-05-23,1000000.0
2016-05-24,1000000.0
2016-05-25,1000000.0
2016-05-26,1000000.0
2016-05-27,1000000.0
2016-05-30,1000000.0
2016-05-31,1000000.0
2016-06-01,1000000.0
2016-06-02,1000000.0
2016-06-03,1000000.0
2016-06-06,1000000.0
2016-06-07,1000000.0
2016-06-08,1000000.0
2016-06-09,1000000.0
2016-06-10,1000000.0
2016-06-13,1000000.0
2016-06-14,1000000.0
2016-06-15,1000000.0
2016-06-16,1000000.0
2016-06-17,1000000.0
2016-06-20,1000000.0
2016-06-21,1000000.0
2016-06-22,1000000.0
2016-06-23,1000000.0
2016-06-24,1000000.0
2016-06-27,1000000.0
2016-06-28,1000000.0
2016-06-29,1000000.0
2016-06-30,1000000.0
2016-07-01,1000000.0
2016-07-04,1000000.0
2016-07-05,1000000.0
2016-07-06,1000000.0
2016-07-07,1000000.0
2016-07-08,1000000.0
2016-07-11,1000000.0
2016-07-12,1000000.0
2016-07-13,1000000.0
2016-07-14,1000000.0
2016-07-15,1000000.0
2016-07-18,1000000.0
2016-07-19,1000000.0
2016-07-20,1000000.0
2016-07-21,1000000.0
2016-07-22,1000000.0
2016-07-25,1000000.0
2016-07-26,1000000.0
2016-07-27,1000000.0
2016-07-28,1000000.0
2016-07-29,1000000.0
2016-08-01,1000000.0
2016-08-02,1000000.0
2016-08-03,1000000.0
2016-08-04,1000000.0
2016-08-05,1000000.0
2016-08-08,1000000.0
2016-08-09,1000000.0
2016-08-10,1000000.0
2016-08-11,1000000.0
2016-08-12,1000000.0
2016-08-15,1000000.0
2016-08-16,1000000.0
2016-08-17,1000000.0
2016-08-18,1000000.0
2016-08-19,1000000.0
2016-08-22,1000000.0
2016-08-23,1000000.0
2016-08-24,1000000.0
2016-08-25,1000000.0
2016-08-26,999440.650567102
2016-08-29,1001321.0113492346
2016-08-30,1001473.7373239407
2016-08-31,1002813.2798530416
2016-09-01,1002767.4339371797
2016-09-02,1004866.3934886673
2016-09-05,1002674.4155478615
2016-09-06,1003308.1099761676
2016-09-07,1002969.9458568197
2016-09-08,1001226.3856457446
2016-09-09,1000394.4000776291
2016-09-12,1004111.0572350911
2016-09-13,1002772.4048001365
2016-09-14,1000645.7544071043
2016-09-15,1000601.7175705279
2016-09-16,997039.0717819203
2016-09-19,1000455.0709813095
2016-09-20,1000412.5228163175
2016-09-21,1002297.1680615422
2016-09-22,1004222.1287160582
2016-09-23,1004884.310653247
2016-09-26,1007306.4855098042
2016-09-27,1007738.879387956
2016-09-28,1009249.347677263
2016-09-29,1008902.7183782659
2016-09-30,1005286.4645832322
2016-10-03,1009764.9416357112
2016-10-04,1010628.1591317625
2016-10-05,1011360.5194020614
2016-10-06,1012421.2044407122
2016-10-07,1013329.1819950256
2016-10-10,1012259.4677890316
2016-10-11,1016543.2960509297
2016-10-12,1015606.6203224702
2016-10-13,1015606.6203224702
2016-10-14,1015606.6203224702
2016-10-17,1015651.5587775037
2016-10-18,1016280.7105882163
2016-10-19,1018156.6776051654
2016-10-20,1019837.427101333
2016-10-21,1019491.0191295713
2016-10-24,1020112.7365838919
2016-10-25,1018702.7243242982
2016-10-26,1018142.3874322316
2016-10-27,1019399.3106095374
2016-10-28,1022826.1469215021
2016-10-31,1022464.0979480509
2016-11-01,1021227.6327195122
2016-11-02,1019929.4069287822
2016-11-03,1021796.490487039
2016-11-04,1020111.231777064
2016-11-07,1020542.8520122245
2016-11-08,1022601.1882836766
2016-11-09,1022199.6189878851
2016-11-10,1022115.2583838948
2016-11-11,1022115.2583838948
2016-11-14,1022115.2583838948
2016-11-15,1022115.2583838948
2016-11-16,1022115.2583838948
2016-11-17,1022115.2583838948
2016-11-18,1022115.2583838948
2016-11-21,1022115.2583838948
2016-11-22,1022115.2583838948
2016-11-23,1022115.2583838948
2016-11-24,1022115.2583838948
2016-11-25,1022115.2583838948
2016-11-28,1022115.2583838948
2016-11-29,1022115.2583838948
2016-11-30,1022115.2583838948
2016-12-01,1022115.2583838948
2016-12-02,1022115.2583838948
2016-12-05,1022115.2583838948
2016-12-06,1022115.2583838948
2016-12-07,1022115.2583838948
2016-12-08,1022115.2583838948
2016-12-09,1022115.2583838948
2016-12-12,1022115.2583838948
2016-12-13,1022115.2583838948
2016-12-14,1022115.2583838948
2016-12-15,1022115.2583838948
2016-12-16,1022115.2583838948
2016-12-19,1022115.2583838948
2016-12-20,1022115.2583838948
2016-12-21,1022115.2583838948
2016-12-22,1022115.2583838948
2016-12-23,1022115.2583838948
2016-12-26,1022115.2583838948
2016-12-27,1022115.2583838948
2016-12-28,1022115.2583838948
2016-12-29,1022115.2583838948
2016-12-30,1022115.2583838948
2017-01-02,1022115.2583838948
2017-01-03,1022115.2583838948
2017-01-04,1022115.2583838948
2017-01-05,1022115.2583838948
2017-01-06,1022115.2583838948
2017-01-09,1022115.2583838948
2017-01-10,1022115.2583838948
2017-01-11,1022115.2583838948
2017-01-12,1022115.2583838948
2017-01-13,1022115.2583838948
2017-01-16,1022115.2583838948
2017-01-17,1022115.2583838948
2017-01-18,1022115.2583838948
2017-01-19,1022115.2583838948
2017-01-20,1022115.2583838948
2017-01-23,1022115.2583838948
2017-01-24,1022115.2583838948
2017-01-25,1022115.2583838948
2017-01-26,1022115.2583838948
2017-01-27,1022115.2583838948
2017-01-30,1022115.2583838948
2017-01-31,1022115.2583838948
2017-02-01,1022115.2583838948
2017-02-02,1022115.2583838948
2017-02-03,1022115.2583838948
2017-02-06,1022115.2583838948
2017-02-07,1022115.2583838948
2017-02-08,1022115.2583838948
2017-02-09,1022115.2583838948
2017-02-10,1022115.2583838948
2017-02-13,1022115.2583838948
2017-02-14,1022115.2583838948
2017-02-15,1022115.2583838948
2017-02-16,1022115.2583838948
2017-02-17,1022115.2583838948
2017-02-20,1022115.2583838948
2017-02-21,1022115.2583838948
2017-02-22,1022115.2583838948
2017-02-23,1022115.2583838948
2017-02-24,1022115.2583838948
2017-02-27,1023351.6835918088
2017-02-28,1025116.9886296502
2017-03-01,1023555.7916795927
2017-03-02,1023771.3155147937
2017-03-03,1023994.7868662063
2017-03-06,1026521.0917367905
2017-03-07,1025549.6053909347
2017-03-08,1026577.2681441581
2017-03-09,1027602.5852801435
2017-03-10,1025822.9722371863
2017-03-13,1026313.2345154214
2017-03-14,1027650.7422976844
2017-03-15,1026529.5926659958
2017-03-16,1026585.318782277
2017-03-17,1028160.9188687335
2017-03-20,1028450.2276712902
2017-03-21,1031145.50065046
2017-03-22,1030963.2581252092
2017-03-23,1030550.4548207748
2017-03-24,1032969.8106011002
2017-03-27,1033305.218527653
2017-03-28,1033079.6953092617
2017-03-29,1035827.9254485182
2017-03-30,1036101.2726640151
2017-03-31,1036101.2726640151
2017-04-03,1036101.2726640151
2017-04-04,1036101.2726640151
2017-04-05,1036101.2726640151
2017-04-06,1035217.1397236801
2017-04-07,1035552.8028982853
2017-04-10,1033629.0962523809
2017-04-11,1037887.2409731927
2017-04-12,1036629.0049801075
2017-04-13,1037159.5765263987
2017-04-14,1037819.4248949972
2017-04-17,1037770.9411807328
2017-04-18,1037695.6607339678
2017-04-19,1037695.6607339678
2017-04-20,1037695.6607339678
2017-04-21,1037695.6607339678
2017-04-24,1037695.6607339678
2017-04-25,1037695.6607339678
2017-04-26,1037695.6607339678
2017-04-27,1037695.6607339678
2017-04-28,1037695.6607339678
2017-05-01,1037695.6607339678
2017-05-02,1037695.6607339678
2017-05-03,1037695.6607339678
2017-05-04,1037695.6607339678
2017-05-05,1037695.6607339678
2017-05-08,1037695.6607339678
2017-05-09,1037695.6607339678
2017-05-10,1037695.6607339678
2017-05-11,1037695.6607339678
2017-05-12,1037695.6607339678
2017-05-15,1037695.6607339678
2017-05-16,1037695.6607339678
2017-05-17,1037695.6607339678
2017-05-18,1037695.6607339678
2017-05-19,1037695.6607339678
2017-05-22,1037695.6607339678
2017-05-23,1037695.6607339678
2017-05-24,1037695.6607339678
2017-05-25,1037695.6607339678
2017-05-26,1037695.6607339678
2017-05-29,1037695.6607339678
2017-05-30,1037695.6607339678
2017-05-31,1037695.6607339678
2017-06-01,1037695.6607339678
2017-06-02,1037695.6607339678
2017-06-05,1037695.6607339678
2017-06-06,1037695.6607339678
2017-06-07,1037695.6607339678
2017-06-08,1037695.6607339678
2017-06-09,1037695.6607339678
2017-06-12,1037695.6607339678
2017-06-13,1037695.6607339678
2017-06-14,1037695.6607339678
2017-06-15,1037695.6607339678
2017-06-16,1037695.6607339678
2017-06-19,1037695.6607339678
2017-06-20,1037695.6607339678
2017-06-21,1037695.6607339678
2017-06-22,1037695.6607339678
2017-06-23,1037695.6607339678
2017-06-26,1037695.6607339678
2017-06-27,1037695.6607339678
2017-06-28,1037695.6607339678
2017-06-29,1037695.6607339678
2017-06-30,1040984.7983167025
2017-07-03,1041616.525284412
2017-07-04,1040964.6617884118
2017-07-05,1041910.3084029431
2017-07-06,1039896.1901237078
2017-07-07,1041840.4936131353
2017-07-10,1043031.684928449
2017-07-11,1044856.6375718396
2017-07-12,1044200.6234048252
2017-07-13,1046473.3718999637
2017-07-14,1047774.2741748713
2017-07-17,1046363.4597694764
2017-07-18,1047054.2649054619
2017-07-19,1046227.7587576088
2017-07-20,1049061.788167029
2017-07-21,1050691.9259825454
2017-07-24,1047211.3122660287
2017-07-25,1048274.3562992995
2017-07-26,1050546.5758437149
2017-07-27,1052583.369469658
2017-07-28,1052527.56096129
2017-07-31,1052527.56096129
2017-08-01,1050701.2594822142
2017-08-02,1051963.3028199973
2017-08-03,1052816.3594362834
2017-08-04,1049733.3466259297
2017-08-07,1053224.1725784524
2017-08-08,1053425.5331147444
2017-08-09,1052549.1784665713
2017-08-10,1050497.3603036832
2017-08-11,1053926.4594455434
2017-08-14,1057742.991846246
2017-08-15,1053913.850898631
2017-08-16,1054523.6693388761
2017-08-17,1054439.1708730704
2017-08-18,1054439.1708730704
2017-08-21,1054439.1708730704
2017-08-22,1054439.1708730704
2017-08-23,1054439.1708730704
2017-08-24,1054439.1708730704
2017-08-25,1054439.1708730704
2017-08-28,1054439.1708730704
2017-08-29,1054439.1708730704
2017-08-30,1054439.1708730704
2017-08-31,1054439.1708730704
2017-09-01,1054439.1708730704
2017-09-04,1054439.1708730704
2017-09-05,1054439.1708730704
2017-09-06,1054439.1708730704
2017-09-07,1054439.1708730704
2017-09-08,1054439.1708730704
2017-09-11,1054439.1708730704
2017-09-12,1054439.1708730704
2017-09-13,1054439.1708730704
2017-09-14,1054439.1708730704
2017-09-15,1054439.1708730704
2017-09-18,1054439.1708730704
2017-09-19,1054439.1708730704
2017-09-20,1054439.1708730704
2017-09-21,1054439.1708730704
2017-09-22,1054439.1708730704
2017-09-25,1054439.1708730704
2017-09-26,1054439.1708730704
2017-09-27,1054439.1708730704
2017-09-28,1054439.1708730704
2017-09-29,1054439.1708730704
2017-10-02,1054439.1708730704
2017-10-03,1054439.1708730704
2017-10-04,1054439.1708730704
2017-10-05,1054439.1708730704
2017-10-06,1054439.1708730704
2017-10-09,1054439.1708730704
2017-10-10,1054439.1708730704
2017-10-11,1054439.1708730704
2017-10-12,1054439.1708730704
2017-10-13,1054439.1708730704
2017-10-16,1054439.1708730704
2017-10-17,1054439.1708730704
2017-10-18,1054439.1708730704
2017-10-19,1054439.1708730704
2017-10-20,1054439.1708730704
2017-10-23,1054439.1708730704
2017-10-24,1054439.1708730704
2017-10-25,1054439.1708730704
2017-10-26,1054439.1708730704
2017-10-27,1054439.1708730704
2017-10-30,1054439.1708730704
2017-10-31,1054439.1708730704
2017-11-01,1054439.1708730704
2017-11-02,1054439.1708730704
2017-11-03,1054439.1708730704
2017-11-06,1054439.1708730704
2017-11-07,1054439.1708730704
2017-11-08,1054439.1708730704
2017-11-09,1054439.1708730704
2017-11-10,1054439.1708730704
2017-11-13,1054439.1708730704
2017-11-14,1054439.1708730704
2017-11-15,1054439.1708730704
2017-11-16,1054439.1708730704
2017-11-17,1054439.1708730704
2017-11-20,1054439.1708730704
2017-11-21,1054439.1708730704
2017-11-22,1054439.1708730704
2017-11-23,1054439.1708730704
2017-11-24,1054439.1708730704
2017-11-27,1054439.1708730704
2017-11-28,1054439.1708730704
2017-11-29,1054439.1708730704
2017-11-30,1054439.1708730704
2017-12-01,1054439.1708730704
2017-12-04,1054439.1708730704
2017-12-05,1056004.088264495
2017-12-06,1055199.062872719
2017-12-07,1053958.0844230445
2017-12-08,1055852.7529892938
2017-12-11,1058265.992041911
2017-12-12,1059488.439818536
2017-12-13,1061778.8683754338
2017-12-14,1058246.2587136615
2017-12-15,1058528.6942888966
2017-12-18,1059503.2908060297
2017-12-19,1056708.4561204924
2017-12-20,1060916.5955911437
2017-12-21,1062258.7363012205
2017-12-22,1059483.8525120884
2017-12-25,1060155.8472341371
2017-12-26,1060609.8255765678
2017-12-27,1061448.8868347916
2017-12-28,1062185.0098028888
2017-12-29,1066171.9914170213
2018-01-01,1064113.2249799587
2018-01-02,1064128.5227950467
2018-01-03,1064556.4240743055
2018-01-04,1065295.8126872736
2018-01-05,1063021.3934127889
2018-01-08,1064867.0111706068
2018-01-09,1067801.4646516358
2018-01-10,1066027.940671928
2018-01-11,1066907.867693248
2018-01-12,1066829.5854436117
2018-01-15,1066829.5854436117
2018-01-16,1066829.5854436117
2018-01-17,1066829.5854436117
2018-01-18,1066829.5854436117
2018-01-19,1066829.5854436117
2018-01-22,1066829.5854436117
2018-01-23,1066829.5854436117
2018-01-24,1066829.5854436117
2018-01-25,1066829.5854436117
2018-01-26,1066829.5854436117
2018-01-29,1066829.5854436117
2018-01-30,1066829.5854436117
2018-01-31,1066829.5854436117
2018-02-01,1066829.5854436117
2018-02-02,1066829.5854436117
2018-02-05,1066829.5854436117
2018-02-06,1066829.5854436117
2018-02-07,1066829.5854436117
2018-02-08,1066829.5854436117
2018-02-09,1066829.5854436117
2018-02-12,1066829.5854436117
2018-02-13,1066829.5854436117
2018-02-14,1066829.5854436117
2018-02-15,1066829.5854436117
2018-02-16,1066829.5854436117
2018-02-19,1066829.5854436117
2018-02-20,1066829.5854436117
2018-02-21,1066829.5854436117
2018-02-22,1066829.5854436117
2018-02-23,1066829.5854436117
2018-02-26,1066829.5854436117
2018-02-27,1066829.5854436117
2018-02-28,1066829.5854436117
2018-03-01,1066829.5854436117
2018-03-02,1066829.5854436117
2018-03-05,1066829.5854436117
2018-03-06,1066829.5854436117
2018-03-07,1066829.5854436117
2018-03-08,1066829.5854436117
2018-03-09,1066829.5854436117
2018-03-12,1066829.5854436117
2018-03-13,1066829.5854436117
2018-03-14,1066829.5854436117
2018-03-15,1066829.5854436117
2018-03-16,1066829.5854436117
2018-03-19,1066829.5854436117
2018-03-20,1066829.5854436117
2018-03-21,1066829.5854436117
2018-03-22,1066829.5854436117
2018-03-23,1066829.5854436117
2018-03-26,1066829.5854436117
2018-03-27,1066829.5854436117
2018-03-28,1066829.5854436117
2018-03-29,1066829.5854436117
2018-03-30,1066829.5854436117
2018-04-02,1066829.5854436117
2018-04-03,1064340.7827878967
2018-04-04,1067468.863798884
2018-04-05,1070255.6205871003
2018-04-06,1071580.961639958
2018-04-09,1070528.4767676676
2018-04-10,1072062.1275911105
2018-04-11,1072678.467896274
2018-04-12,1072236.5516575067
2018-04-13,1072156.2038918433
2018-04-16,1072649.6915909825
2018-04-17,1073066.2845072972
2018-04-18,1076456.9198944313
2018-04-19,1073520.1492420705
2018-04-20,1077482.4812133515
2018-04-23,1075713.5258089348
2018-04-24,1078952.5159830844
2018-04-25,1077450.2108778087
2018-04-26,1080614.0106674293
2018-04-27,1082480.354624854
2018-04-30,1082480.354624854
2018-05-01,1082480.354624854
2018-05-02,1082480.354624854
2018-05-03,1082755.1625555987
2018-05-04,1083813.758290097
2018-05-07,1086321.5534530038
2018-05-08,1086192.7424448994
2018-05-09,1084668.41638355
2018-05-10,1087037.2707963819
2018-05-11,1087069.0547447256
2018-05-14,1086409.6994933903
2018-05-15,1088773.000489742
2018-05-16,1087572.4186495258
2018-05-17,1088236.0351540616
2018-05-18,1090238.0409745
2018-05-21,1091490.5099490252
2018-05-22,1091684.6192815863
2018-05-23,1090410.3730692742
2018-05-24,1090255.7857927894
2018-05-25,1088735.7511942498
2018-05-28,1088657.3785210175
2018-05-29,1088657.3785210175
2018-05-30,1088657.3785210175
2018-05-31,1088657.3785210175
2018-06-01,1088657.3785210175
2018-06-04,1088657.3785210175
2018-06-05,1088657.3785210175
2018-06-06,1088657.3785210175
2018-06-07,1088657.3785210175
2018-06-08,1088657.3785210175
2018-06-11,1088657.3785210175
2018-06-12,1088657.3785210175
2018-06-13,1088657.3785210175
2018-06-14,1088657.3785210175
2018-06-15,1088657.3785210175
2018-06-18,1088657.3785210175
2018-06-19,1088657.3785210175
2018-06-20,1088657.3785210175
2018-06-21,1088657.3785210175
2018-06-22,1088657.3785210175
2018-06-25,1088657.3785210175
2018-06-26,1088657.3785210175
2018-06-27,1088657.3785210175
2018-06-28,1088657.3785210175
2018-06-29,1088657.3785210175
2018-07-02,1088657.3785210175
2018-07-03,1088657.3785210175
2018-07-04,1088657.3785210175
2018-07-05,1088657.3785210175
2018-07-06,1088657.3785210175
2018-07-09,1088657.3785210175
2018-07-10,1088657.3785210175
2018-07-11,1088657.3785210175
2018-07-12,1088657.3785210175
2018-07-13,1088657.3785210175
2018-07-16,1088657.3785210175
2018-07-17,1088657.3785210175
2018-07-18,1088657.3785210175
2018-07-19,1088657.3785210175
2018-07-20,1088657.3785210175
2018-07-23,1088657.3785210175
2018-07-24,1088657.3785210175
2018-07-25,1088657.3785210175
2018-07-26,1088657.3785210175
2018-07-27,1088657.3785210175
2018-07-30,1088657.3785210175
2018-07-31,1088657.3785210175
2018-08-01,1088657.3785210175
2018-08-02,1088657.3785210175
2018-08-03,1088657.3785210175
2018-08-06,1088657.3785210175
2018-08-07,1088657.3785210175
2018-08-08,1088657.3785210175
2018-08-09,1088657.3785210175
2018-08-10,1088657.3785210175
2018-08-13,1088657.3785210175
2018-08-14,1088657.3785210175
2018-08-15,1088657.3785210175
2018-08-16,1088657.3785210175
2018-08-17,1088657.3785210175
2018-08-20,1088657.3785210175
2018-08-21,1088657.3785210175
2018-08-22,1088657.3785210175
2018-08-23,1088657.3785210175
2018-08-24,1088657.3785210175
2018-08-27,1088657.3785210175
2018-08-28,1088657.3785210175
2018-08-29,1088657.3785210175
2018-08-30,1088657.3785210175
2018-08-31,1088657.3785210175
2018-09-03,1088657.3785210175
2018-09-04,1088657.3785210175
2018-09-05,1088657.3785210175
2018-09-06,1088657.3785210175
2018-09-07,1090517.22882432
2018-09-10,1093222.1420623283
2018-09-11,1089425.6249017653
2018-09-12,1092505.3175659736
2018-09-13,1092744.0220926523
2018-09-14,1091410.639355566
2018-09-17,1090922.6878205915
2018-09-18,1093182.7087146675
2018-09-19,1092160.2321388477
2018-09-20,1090708.2816067613
2018-09-21,1095682.1188678162
2018-09-24,1095279.8200692653
2018-09-25,1093869.9746749925
2018-09-26,1095226.1736051585
2018-09-27,1095143.711722882
2018-09-28,1095143.711722882
2018-10-01,1095143.711722882
2018-10-02,1095143.711722882
2018-10-03,1095143.711722882
2018-10-04,1095143.711722882
2018-10-05,1095143.711722882
2018-10-08,1095143.711722882
2018-10-09,1095143.711722882
2018-10-10,1095143.711722882
2018-10-11,1095143.711722882
2018-10-12,1095143.711722882
2018-10-15,1095143.711722882
2018-10-16,1095143.711722882
2018-10-17,1095143.711722882
2018-10-18,1095143.711722882
2018-10-19,1095143.711722882
2018-10-22,1095143.711722882
2018-10-23,1095143.711722882
2018-10-24,1095143.711722882
2018-10-25,1095143.711722882
2018-10-26,1095143.711722882
2018-10-29,1095143.711722882
2018-10-30,1095143.711722882
2018-10-31,1095143.711722882
2018-11-01,1095143.711722882
2018-11-02,1095143.711722882
2018-11-05,1095143.711722882
2018-11-06,1095143.711722882
2018-11-07,1095143.711722882
2018-11-08,1095143.711722882
2018-11-09,1095143.711722882
2018-11-12,1095143.711722882
2018-11-13,1095143.711722882
2018-11-14,1095143.711722882
2018-11-15,1095143.711722882
2018-11-16,1095143.711722882
2018-11-19,1095143.711722882
2018-11-20,1095143.711722882
2018-11-21,1095143.711722882
2018-11-22,1095143.711722882
2018-11-23,1095143.711722882
2018-11-26,1095143.711722882
2018-11-27,1095143.711722882
2018-11-28,1095143.711722882
2018-11-29,1095143.711722882
2018-11-30,1095143.711722882
2018-12-03,1095143.711722882
2018-12-04,1095143.711722882
2018-12-05,1095143.711722882
2018-12-06,1095143.711722882
2018-12-07,1095143.711722882
2018-12-10,1095143.711722882
2018-12-11,1095143.711722882
2018-12-12,1095143.711722882
2018-12-13,1095143.711722882
2018-12-14,1095143.711722882
2018-12-17,1095143.711722882
2018-12-18,1095143.711722882
2018-12-19,1095143.711722882
2018-12-20,1095143.711722882
2018-12-21,1095143.711722882
2018-12-24,1095143.711722882
2018-12-25,1095143.711722882
2018-12-26,1095143.711722882
2018-12-27,1095143.711722882
2018-12-28,1095143.711722882
2018-12-31,1095143.711722882
2019-01-01,1095143.711722882
2019-01-02,1095143.711722882
2019-01-03,1095143.711722882
2019-01-04,1095143.711722882
2019-01-07,1095143.711722882
2019-01-08,1097308.1834026345
2019-01-09,1096831.1872208035
2019-01-10,1099366.7402187346
2019-01-11,1098965.2109305998
2019-01-14,1102832.3919507465
2019-01-15,1101247.7737749333
2019-01-16,1105240.4673268571
2019-01-17,1104890.5765374668
2019-01-18,1102956.24099602
2019-01-21,1105678.1619016456
2019-01-22,1102919.2772420745
2019-01-23,1104117.3850608221
2019-01-24,1105550.6944285887
2019-01-25,1104101.301225883
2019-01-28,1101320.246154617
2019-01-29,1104752.5548402371
2019-01-30,1105612.5422561935
2019-01-31,1104494.2933608273
2019-02-01,1111008.9151798228
2019-02-04,1110489.6301046612
2019-02-05,1110629.1532021624
2019-02-06,1112474.9478091379
2019-02-07,1116274.63181145
2019-02-08,1113524.8624571464
2019-02-11,1113524.8624571464
2019-02-12,1113524.8624571464
2019-02-13,1113524.8624571464
2019-02-14,1113404.9662111837
2019-02-15,1111905.9257994206
2019-02-18,1111939.7542932816
2019-02-19,1113878.175018479
2019-02-20,1113444.5853939515
2019-02-21,1115081.8607732917
2019-02-22,1116337.4480276753
2019-02-25,1112941.7728684335
2019-02-26,1116553.9392890935
2019-02-27,1117946.9592194932
2019-02-28,1118534.0532534977
2019-03-01,1116700.7449713894
2019-03-04,1118251.9453480616
2019-03-05,1118156.3969587067
2019-03-06,1118156.3969587067
2019-03-07,1118156.3969587067
2019-03-08,1118156.3969587067
2019-03-11,1118156.3969587067
2019-03-12,1118156.3969587067
2019-03-13,1118156.3969587067
2019-03-14,1118156.3969587067
2019-03-15,1118156.3969587067
2019-03-18,1118156.3969587067
2019-03-19,1118156.3969587067
2019-03-20,1118156.3969587067
2019-03-21,1118156.3969587067
2019-03-22,1118156.3969587067
2019-03-25,1118156.3969587067
2019-03-26,1118156.3969587067
2019-03-27,1118156.3969587067
2019-03-28,1118156.3969587067
2019-03-29,1118156.3969587067
2019-04-01,1118156.3969587067
2019-04-02,1118156.3969587067
2019-04-03,1118156.3969587067
2019-04-04,1118156.3969587067
2019-04-05,1118156.3969587067
2019-04-08,1118156.3969587067
2019-04-09,1118156.3969587067
2019-04-10,1118156.3969587067
2019-04-11,1118156.3969587067
2019-04-12,1118156.3969587067
2019-04-15,1118156.3969587067
2019-04-16,1118156.3969587067
2019-04-17,1118156.3969587067
2019-04-18,1118156.3969587067
2019-04-19,1118156.3969587067
2019-04-22,1118156.3969587067
2019-04-23,1118156.3969587067
2019-04-24,1118156.3969587067
2019-04-25,1118156.3969587067
2019-04-26,1118156.3969587067
2019-04-29,1118156.3969587067
2019-04-30,1118156.3969587067
2019-05-01,1118156.3969587067
2019-05-02,1118156.3969587067
2019-05-03,1118156.3969587067
2019-05-06,1118156.3969587067
2019-05-07,1118156.3969587067
2019-05-08,1118156.3969587067
2019-05-09,1118156.3969587067
2019-05-10,1118156.3969587067
2019-05-13,1118156.3969587067
2019-05-14,1118156.3969587067
2019-05-15,1118156.3969587067
2019-05-16,1118156.3969587067
2019-05-17,1118156.3969587067
2019-05-20,1118156.3969587067
2019-05-21,1118156.3969587067
2019-05-22,1118156.3969587067
2019-05-23,1118156.3969587067
2019-05-24,1118156.3969587067
2019-05-27,1118156.3969587067
2019-05-28,1120233.6547394553
2019-05-29,1123120.9983180035
2019-05-30,1119146.622574379
2019-05-31,1121425.5020814377
2019-06-03,1122005.5287800902
2019-06-04,1121645.6192804123
2019-06-05,1122984.0902093526
2019-06-06,1123759.2577538686
2019-06-07,1125272.258791715
2019-06-10,1126883.888749196
2019-06-11,1124293.0904583381
2019-06-12,1123663.418830823
2019-06-13,1126955.5185424937
2019-06-14,1125262.7261353687
2019-06-17,1125757.9035178204
2019-06-18,1124292.8033987682
2019-06-19,1128804.1875530072
2019-06-20,1128368.9700374887
2019-06-21,1129506.2105658604
2019-06-24,1129733.771955142
2019-06-25,1133399.8336956864
2019-06-26,1130855.3950916696
2019-06-27,1129837.972619178
2019-06-28,1131320.5020163315
2019-07-01,1133252.6515222352
2019-07-02,1134055.2660674138
2019-07-03,1133054.4417053931
2019-07-04,1135108.1852873196
2019-07-05,1136046.8287066391
2019-07-08,1135406.8144168085
2019-07-09,1133579.0629441573
2019-07-10,1135961.3067469476
2019-07-11,1135667.0614014724
2019-07-12,1136756.60239335
2019-07-15,1139350.094595795
2019-07-16,1136458.665980936
2019-07-17,1139748.7705595964
2019-07-18,1139666.0366331693
2019-07-19,1139567.0302473889
2019-07-22,1139567.0302473889
2019-07-23,1139567.0302473889
2019-07-24,1139567.0302473889
2019-07-25,1139567.0302473889
2019-07-26,1139567.0302473889
2019-07-29,1139567.0302473889
2019-07-30,1139567.0302473889
2019-07-31,1139567.0302473889
2019-08-01,1139567.0302473889
2019-08-02,1139567.0302473889
2019-08-05,1139567.0302473889
2019-08-06,1139567.0302473889
2019-08-07,1139567.0302473889
2019-08-08,1139567.0302473889
2019-08-09,1139567.0302473889
2019-08-12,1139567.0302473889
2019-08-13,1139567.0302473889
2019-08-14,1139567.0302473889
2019-08-15,1139567.0302473889
2019-08-16,1139567.0302473889
2019-08-19,1139567.0302473889
2019-08-20,1139567.0302473889
2019-08-21,1139567.0302473889
2019-08-22,1139567.0302473889
2019-08-23,1139567.0302473889
2019-08-26,1139567.0302473889
2019-08-27,1139567.0302473889
2019-08-28,1139567.0302473889
2019-08-29,1139567.0302473889
2019-08-30,1139567.0302473889
2019-09-02,1139567.0302473889
2019-09-03,1139567.0302473889
2019-09-04,1139567.0302473889
2019-09-05,1139567.0302473889
2019-09-06,1139567.0302473889
2019-09-09,1139567.0302473889
2019-09-10,1139567.0302473889
2019-09-11,1139567.0302473889
2019-09-12,1139567.0302473889
2019-09-13,1139567.0302473889
2019-09-16,1139567.0302473889
2019-09-17,1139567.0302473889
2019-09-18,1139567.0302473889
2019-09-19,1139567.0302473889
2019-09-20,1139567.0302473889
2019-09-23,1139567.0302473889
2019-09-24,1139567.0302473889
2019-09-25,1139567.0302473889
2019-09-26,1139567.0302473889
2019-09-27,1139567.0302473889
2019-09-30,1139567.0302473889
2019-10-01,1139567.0302473889
2019-10-02,1139567.0302473889
2019-10-03,1139567.0302473889
2019-10-04,1139567.0302473889
2019-10-07,1139567.0302473889
2019-10-08,1139567.0302473889
2019-10-09,1139567.0302473889
2019-10-10,1139567.0302473889
2019-10-11,1139567.0302473889
2019-10-14,1139567.0302473889
2019-10-15,1139567.0302473889
2019-10-16,1139567.0302473889
2019-10-17,1139567.0302473889
2019-10-18,1139567.0302473889
2019-10-21,1139567.0302473889
2019-10-22,1139567.0302473889
2019-10-23,1139567.0302473889
2019-10-24,1139567.0302473889
2019-10-25,1139567.0302473889
2019-10-28,1139567.0302473889
2019-10-29,1139567.0302473889
2019-10-30,1139567.0302473889
2019-10-31,1139567.0302473889
2019-11-01,1139567.0302473889
2019-11-04,1139567.0302473889
2019-11-05,1139567.0302473889
2019-11-06,1139567.0302473889
2019-11-07,1139567.0302473889
2019-11-08,1139567.0302473889
2019-11-11,1139567.0302473889
2019-11-12,1139567.0302473889
2019-11-13,1139567.0302473889
2019-11-14,1139226.5965223974
2019-11-15,1141859.9989843199
2019-11-18,1143092.6759329692
2019-11-19,1142669.2493913295
2019-11-20,1144386.0046510603
2019-11-21,1146299.7381278342
2019-11-22,1147746.2779677017
2019-11-25,1150139.5597541642
2019-11-26,1146855.7867878175
2019-11-27,1143497.8611819132
2019-11-28,1143497.8611819132
2019-11-29,1143497.8611819132
2019-12-02,1143497.8611819132
2019-12-03,1143274.290227255
2019-12-04,1143415.750968955
2019-12-05,1145273.8750732113
2019-12-06,1146435.4394424523
2019-12-09,1147652.6176036287
2019-12-10,1144963.9717300711
2019-12-11,1144298.214810348
2019-12-12,1148126.2751935783
2019-12-13,1149042.6968012527
2019-12-16,1149266.962250252
2019-12-17,1149163.3457088917
2019-12-18,1149163.3457088917
2019-12-19,1149163.3457088917
2019-12-20,1149163.3457088917
2019-12-23,1149163.3457088917
2019-12-24,1149163.3457088917
2019-12-25,1149163.3457088917
2019-12-26,1149163.3457088917
2019-12-27,1149163.3457088917
2019-12-30,1149163.3457088917
2019-12-31,1149163.3457088917
2020-01-01,1149163.3457088917
2020-01-02,1149163.3457088917
2020-01-03,1149163.3457088917
2020-01-06,1149163.3457088917
2020-01-07,1149163.3457088917
2020-01-08,1149163.3457088917
2020-01-09,1149163.3457088917
2020-01-10,1149163.3457088917
2020-01-13,1149163.3457088917
2020-01-14,1149163.3457088917
2020-01-15,1149163.3457088917
2020-01-16,1149163.3457088917
2020-01-17,1149163.3457088917
2020-01-20,1149163.3457088917
2020-01-21,1149163.3457088917
2020-01-22,1149163.3457088917
2020-01-23,1149163.3457088917
2020-01-24,1149163.3457088917
2020-01-27,1149163.3457088917
2020-01-28,1149163.3457088917
2020-01-29,1149163.3457088917
2020-01-30,1149163.3457088917
2020-01-31,1149163.3457088917
2020-02-03,1149163.3457088917
2020-02-04,1149163.3457088917
2020-02-05,1149163.3457088917
2020-02-06,1149163.3457088917
2020-02-07,1149163.3457088917
2020-02-10,1149163.3457088917
2020-02-11,1149163.3457088917
2020-02-12,1149163.3457088917
2020-02-13,1149163.3457088917
2020-02-14,1149163.3457088917
2020-02-17,1149163.3457088917
2020-02-18,1149163.3457088917
2020-02-19,1149163.3457088917
2020-02-20,1149553.6727858162
2020-02-21,1152051.3441148254
2020-02-24,1151588.7431717261
2020-02-25,1152860.1667217715
2020-02-26,1152608.4714581473
2020-02-27,1155551.4872820503
2020-02-28,1150824.382576484
2020-03-02,1151179.8299968098
2020-03-03,1153421.4481378328
2020-03-04,1153074.142080978
2020-03-05,1153856.816348553
2020-03-06,1153295.3883006491
2020-03-09,1152872.0016624057
2020-03-10,1156400.4937690436
2020-03-11,1160631.877379369
2020-03-12,1157832.0673653944
2020-03-13,1160677.215133928
2020-03-16,1158897.0376571
2020-03-17,1158389.9804227334
2020-03-18,1159135.3234503742
2020-03-19,1158734.2499932763
2020-03-20,1162093.8896531335
2020-03-23,1159534.887967976
2020-03-24,1161081.7648638927
2020-03-25,1161407.654210866
2020-03-26,1161636.7076330967
2020-03-27,1163339.0410393372
2020-03-30,1161739.931240072
2020-03-31,1164487.128428586
2020-04-01,1161034.8771531398
2020-04-02,1164202.506398989
2020-04-03,1164349.3026406683
2020-04-06,1166410.3098219938
2020-04-07,1164161.5197818018
2020-04-08,1169687.5683988985
2020-04-09,1170455.4633790338
2020-04-10,1170455.4633790338
2020-04-13,1170455.4633790338
2020-04-14,1170455.4633790338
2020-04-15,1170455.4633790338
2020-04-16,1170455.4633790338
2020-04-17,1170455.4633790338
2020-04-20,1170455.4633790338
2020-04-21,1170455.4633790338
2020-04-22,1170455.4633790338
2020-04-23,1170455.4633790338
2020-04-24,1170455.4633790338
2020-04-27,1170455.4633790338
2020-04-28,1170455.4633790338
2020-04-29,1170455.4633790338
2020-04-30,1170455.4633790338
2020-05-01,1170455.4633790338
2020-05-04,1170455.4633790338
2020-05-05,1170455.4633790338
2020-05-06,1170455.4633790338
2020-05-07,1170455.4633790338
2020-05-08,1170455.4633790338
2020-05-11,1170455.4633790338
2020-05-12,1170455.4633790338
2020-05-13,1170455.4633790338
2020-05-14,1170455.4633790338
2020-05-15,1170455.4633790338
2020-05-18,1170455.4633790338
2020-05-19,1170455.4633790338
2020-05-20,1170455.4633790338
2020-05-21,1170455.4633790338
2020-05-22,1170455.4633790338
2020-05-25,1170455.4633790338
2020-05-26,1170455.4633790338
2020-05-27,1170455.4633790338
2020-05-28,1170455.4633790338
2020-05-29,1170455.4633790338
2020-06-01,1170455.4633790338
2020-06-02,1170455.4633790338
2020-06-03,1170455.4633790338
2020-06-04,1170455.4633790338
2020-06-05,1170455.4633790338
2020-06-08,1170455.4633790338
2020-06-09,1170455.4633790338
2020-06-10,1170455.4633790338
2020-06-11,1170455.4633790338
2020-06-12,1170455.4633790338
2020-06-15,1170455.4633790338
2020-06-16,1170455.4633790338
2020-06-17,1170455.4633790338
2020-06-18,1170455.4633790338
2020-06-19,1170455.4633790338
2020-06-22,1170455.4633790338
2020-06-23,1170455.4633790338
2020-06-24,1170455.4633790338
2020-06-25,1170455.4633790338
2020-06-26,1170455.4633790338
2020-06-29,1168497.7743652675
2020-06-30,1168291.2987726978
2020-07-01,1167666.2224682756
2020-07-02,1169221.1037686316
2020-07-03,1171935.003015507
2020-07-06,1170908.3467476752
2020-07-07,1170587.0959153988
2020-07-08,1170519.0646495696
2020-07-09,1173323.1125100274
2020-07-10,1174446.6226860594
2020-07-13,1173182.4105593944
2020-07-14,1175839.6686802998
2020-07-15,1173220.7043929056
2020-07-16,1175777.6343441259
2020-07-17,1177715.9079870805
2020-07-20,1176235.0647171088
2020-07-21,1176890.3701564097
2020-07-22,1179166.289656392
2020-07-23,1177656.5997817665
2020-07-24,1176854.955081447
2020-07-27,1181464.827495151
2020-07-28,1182854.9956438425
2020-07-29,1179506.8491441768
2020-07-30,1182868.360524898
2020-07-31,1183651.166631452
2020-08-03,1182730.7800431722
2020-08-04,1182623.0374517296
2020-08-05,1183234.0583996929
2020-08-06,1183242.053710262
2020-08-07,1187734.1714365764
2020-08-10,1187362.8932044157
2020-08-11,1188220.8157438703
2020-08-12,1189585.460176829
2020-08-13,1189585.460176829
2020-08-14,1189585.460176829
2020-08-17,1189585.460176829
2020-08-18,1189585.460176829
2020-08-19,1189585.460176829
2020-08-20,1187410.1413027905
2020-08-21,1189425.601264743
2020-08-24,1190488.8582806191
2020-08-25,1192227.1254676494
2020-08-26,1192168.7520343785
2020-08-27,1193760.6145927808
2020-08-28,1192316.8594030126
2020-08-31,1192300.8701441265
2020-09-01,1195194.9996280912
2020-09-02,1198364.4526927953
2020-09-03,1198023.7700525527
2020-09-04,1194977.2068063875
2020-09-07,1197489.5693824799
2020-09-08,1199697.587258735
2020-09-09,1197863.6756584507
2020-09-10,1201746.4438067907
2020-09-11,1202972.060430649
2020-09-14,1202849.2341732127
2020-09-15,1202849.2341732127
2020-09-16,1202849.2341732127
2020-09-17,1202849.2341732127
2020-09-18,1202849.2341732127
2020-09-21,1202849.2341732127
2020-09-22,1202849.2341732127
2020-09-23,1202849.2341732127
2020-09-24,1202849.2341732127
2020-09-25,1202849.2341732127
2020-09-28,1202849.2341732127
2020-09-29,1202849.2341732127
2020-09-30,1202849.2341732127
2020-10-01,1202849.2341732127
2020-10-02,1202849.2341732127
2020-10-05,1202849.2341732127
2020-10-06,1202849.2341732127
2020-10-07,1202849.2341732127
2020-10-08,1202849.2341732127
2020-10-09,1202849.2341732127
2020-10-12,1202849.2341732127
2020-10-13,1202849.2341732127
2020-10-14,1202849.2341732127
2020-10-15,1202849.2341732127
2020-10-16,1202849.2341732127
2020-10-19,1202849.2341732127
2020-10-20,1202849.2341732127
2020-10-21,1202849.2341732127
2020-10-22,1202849.2341732127
2020-10-23,1202849.2341732127
2020-10-26,1202849.2341732127
2020-10-27,1202849.2341732127
2020-10-28,1202849.2341732127
2020-10-29,1202849.2341732127
2020-10-30,1202849.2341732127
2020-11-02,1202849.2341732127
2020-11-03,1202849.2341732127
2020-11-04,1202849.2341732127
2020-11-05,1202849.2341732127
2020-11-06,1202849.2341732127
2020-11-09,1202849.2341732127
2020-11-10,1202849.2341732127
2020-11-11,1202849.2341732127
2020-11-12,1202849.2341732127
2020-11-13,1202849.2341732127
2020-11-16,1202849.2341732127
2020-11-17,1202849.2341732127
2020-11-18,1202849.2341732127
2020-11-19,1202849.2341732127
2020-11-20,1202849.2341732127
2020-11-23,1202849.2341732127
2020-11-24,1202849.2341732127
2020-11-25,1202849.2341732127
2020-11-26,1202849.2341732127
2020-11-27,1202849.2341732127
2020-11-30,1202849.2341732127
2020-12-01,1202849.2341732127
2020-12-02,1202849.2341732127
2020-12-03,1202849.2341732127
2020-12-04,1202849.2341732127
2020-12-07,1202849.2341732127
2020-12-08,1202849.2341732127
2020-12-09,1202849.2341732127
2020-12-10,1202849.2341732127
2020-12-11,1202849.2341732127
2020-12-14,1202849.2341732127
2020-12-15,1202849.2341732127
2020-12-16,1203941.63572026
2020-12-17,1199840.7599062356
2020-12-18,1201329.3204488386
2020-12-21,1200369.958390967
2020-12-22,1199082.0340355167
2020-12-23,1201818.2374701283
2020-12-24,1205379.7652870757
2020-12-25,1205394.3909519122
2020-12-28,1203341.1161313925
2020-12-29,1205017.1022100651
2020-12-30,1204669.2285767228
2020-12-31,1207559.2749326513
2021-01-01,1206855.2172398479
2021-01-04,1204543.2516076006
2021-01-05,1209697.783543844
2021-01-06,1208452.9543810303
2021-01-07,1210904.4578006556
2021-01-08,1207331.3118446672
2021-01-11,1211492.8646987006
2021-01-12,1210367.881012094
2021-01-13,1208756.2163428345
2021-01-14,1207300.109361056
2021-01-15,1209656.3186030446
2021-01-18,1209301.236755411
2021-01-19,1210906.2249508528
2021-01-20,1212213.8381342038
2021-01-21,1213228.6127019443
2021-01-22,1214301.9496187815
2021-01-25,1212114.293854324
2021-01-26,1212000.6086496655
2021-01-27,1212000.6086496655
2021-01-28,1212000.6086496655
2021-01-29,1212000.6086496655
2021-02-01,1212000.6086496655
2021-02-02,1212000.6086496655
2021-02-03,1212000.6086496655
2021-02-04,1212000.6086496655
2021-02-05,1212000.6086496655
2021-02-08,1212000.6086496655
2021-02-09,1212000.6086496655
2021-02-10,1212000.6086496655
2021-02-11,1212000.6086496655
2021-02-12,1212000.6086496655
2021-02-15,1212000.6086496655
2021-02-16,1212000.6086496655
2021-02-17,1212000.6086496655
2021-02-18,1212000.6086496655
2021-02-19,1212000.6086496655
2021-02-22,1212000.6086496655
2021-02-23,1212000.6086496655
2021-02-24,1212000.6086496655
2021-02-25,1212000.6086496655
2021-02-26,1212000.6086496655
2021-03-01,1212000.6086496655
2021-03-02,1212000.6086496655
2021-03-03,1212000.6086496655
2021-03-04,1212000.6086496655
2021-03-05,1212000.6086496655
2021-03-08,1212000.6086496655
2021-03-09,1212000.6086496655
2021-03-10,1212000.6086496655
2021-03-11,1212000.6086496655
2021-03-12,1212000.6086496655
2021-03-15,1212000.6086496655
2021-03-16,1212000.6086496655
2021-03-17,1212000.6086496655
2021-03-18,1212000.6086496655
2021-03-19,1212000.6086496655
2021-03-22,1212000.6086496655
2021-03-23,1212000.6086496655
2021-03-24,1212000.6086496655
2021-03-25,1212000.6086496655
2021-03-26,1212000.6086496655
2021-03-29,1212000.6086496655
2021-03-30,1212000.6086496655
2021-03-31,1212000.6086496655
2021-04-01,1212000.6086496655
2021-04-02,1212000.6086496655
2021-04-05,1212000.6086496655
2021-04-06,1212000.6086496655
2021-04-07,1212485.1946762495
2021-04-08,1213429.0997137043
2021-04-09,1212250.9629004605
2021-04-12,1213840.1514339442
2021-04-13,1212494.1525717238
2021-04-14,1215231.3050440296
2021-04-15,1215544.5759093668
2021-04-16,1215825.8387616838
2021-04-19,1214604.7934034516
2021-04-20,1214284.9448168934
2021-04-21,1215340.61265134
2021-04-22,1217296.75809762
2021-04-23,1216000.561780076
2021-04-26,1217929.755317146
2021-04-27,1215134.0354499018
2021-04-28,1219132.942270453
2021-04-29,1217652.2087868226
2021-04-30,1217843.371117023
2021-05-03,1220906.5368776184
2021-05-04,1220090.498324081
2021-05-05,1221128.4470733786
2021-05-06,1221710.251620838
2021-05-07,1225345.5906547348
2021-05-10,1223050.4370486639
2021-05-11,1222556.6983463028
2021-05-12,1225258.5660839905
2021-05-13,1225696.4479201096
2021-05-14,1227012.2906754483
2021-05-17,1226192.7910311306
2021-05-18,1227710.1648699741
2021-05-19,1226709.2226114462
2021-05-20,1227524.07961567
2021-05-21,1226833.1045685753
2021-05-24,1228952.2771101568
2021-05-25,1227779.8753424333
2021-05-26,1230206.943596743
2021-05-27,1226878.2574739773
2021-05-28,1230861.819529486
2021-05-31,1230737.0110237543
2021-06-01,1231314.596638729
2021-06-02,1232959.0203611436
2021-06-03,1234106.4631003654
2021-06-04,1231995.9660359204
2021-06-07,1233976.4668038064
2021-06-08,1233828.8640294324
2021-06-09,1233828.8640294324
2021-06-10,1233828.8640294324
2021-06-11,1233828.8640294324
2021-06-14,1233828.8640294324
2021-06-15,1233828.8640294324
2021-06-16,1233828.8640294324
2021-06-17,1233828.8640294324
2021-06-18,1233828.8640294324
2021-06-21,1233828.8640294324
2021-06-22,1233828.8640294324
2021-06-23,1233828.8640294324
2021-06-24,1233828.8640294324
2021-06-25,1233828.8640294324
2021-06-28,1233828.8640294324
2021-06-29,1233828.8640294324
2021-06-30,1233828.8640294324
2021-07-01,1233828.8640294324
2021-07-02,1233828.8640294324
2021-07-05,1233828.8640294324
2021-07-06,1233828.8640294324
2021-07-07,1233828.8640294324
2021-07-08,1233828.8640294324
2021-07-09,1233828.8640294324
2021-07-12,1233828.8640294324
2021-07-13,1233828.8640294324
2021-07-14,1233828.8640294324
2021-07-15,1233828.8640294324
2021-07-16,1233828.8640294324
2021-07-19,1233828.8640294324
2021-07-20,1233828.8640294324
2021-07-21,1233828.8640294324
2021-07-22,1233828.8640294324
2021-07-23,1233828.8640294324
2021-07-26,1233828.8640294324
2021-07-27,1233828.8640294324
2021-07-28,1233828.8640294324
2021-07-29,1233828.8640294324
2021-07-30,1233828.8640294324
2021-08-02,1233828.8640294324
2021-08-03,1233828.8640294324
2021-08-04,1233828.8640294324
2021-08-05,1233828.8640294324
2021-08-06,1233828.8640294324
2021-08-09,1233828.8640294324
2021-08-10,1233828.8640294324
2021-08-11,1233828.8640294324
2021-08-12,1233828.8640294324
2021-08-13,1233828.8640294324
2021-08-16,1233828.8640294324
2021-08-17,1233828.8640294324
2021-08-18,1233828.8640294324
2021-08-19,1233828.8640294324
2021-08-20,1233828.8640294324
2021-08-23,1233828.8640294324
2021-08-24,1233828.8640294324
2021-08-25,1233828.8640294324
2021-08-26,1233828.8640294324
2021-08-27,1233828.8640294324
2021-08-30,1233828.8640294324
2021-08-31,1233828.8640294324
2021-09-01,1233828.8640294324
2021-09-02,1233828.8640294324
2021-09-03,1233828.8640294324
2021-09-06,1233828.8640294324
2021-09-07,1233828.8640294324
2021-09-08,1233828.8640294324
2021-09-09,1233828.8640294324
2021-09-10,1233828.8640294324
2021-09-13,1233828.8640294324
2021-09-14,1233828.8640294324
2021-09-15,1233828.8640294324
2021-09-16,1233828.8640294324
2021-09-17,1233828.8640294324
2021-09-20,1233828.8640294324
2021-09-21,1233828.8640294324
2021-09-22,1233828.8640294324
2021-09-23,1233828.8640294324
2021-09-24,1233828.8640294324
2021-09-27,1233828.8640294324
2021-09-28,1233828.8640294324
2021-09-29,1233828.8640294324
2021-09-30,1233828.8640294324
2021-10-01,1233828.8640294324
2021-10-04,1233828.8640294324
2021-10-05,1233828.8640294324
2021-10-06,1233828.8640294324
2021-10-07,1233828.8640294324
2021-10-08,1233828.8640294324
2021-10-11,1233828.8640294324
2021-10-12,1233828.8640294324
2021-10-13,1233828.8640294324
2021-10-14,1233828.8640294324
2021-10-15,1233828.8640294324
2021-10-18,1233828.8640294324
2021-10-19,1233828.8640294324
2021-10-20,1233828.8640294324
2021-10-21,1233828.8640294324
2021-10-22,1233828.8640294324
2021-10-25,1233828.8640294324
2021-10-26,1233828.8640294324
2021-10-27,1233828.8640294324
2021-10-28,1233828.8640294324
2021-10-29,1235193.949666323
2021-11-01,1235563.9900137282
2021-11-02,1234019.9256584893
2021-11-03,1237695.3788972867
2021-11-04,1236702.1817870939
2021-11-05,1235015.3655566608
2021-11-08,1236029.3423219756
2021-11-09,1240629.1487347549
2021-11-10,1239487.695577989
2021-11-11,1239365.8859928278
2021-11-12,1239365.8859928278
2021-11-15,1239365.8859928278
2021-11-16,1239365.8859928278
2021-11-17,1239365.8859928278
2021-11-18,1239365.8859928278
2021-11-19,1239365.8859928278
2021-11-22,1239365.8859928278
2021-11-23,1239365.8859928278
2021-11-24,1239365.8859928278
2021-11-25,1239365.8859928278
2021-11-26,1239365.8859928278
2021-11-29,1239365.8859928278
2021-11-30,1239365.8859928278
2021-12-01,1239365.8859928278
2021-12-02,1239365.8859928278
2021-12-03,1239365.8859928278
2021-12-06,1239365.8859928278
2021-12-07,1239365.8859928278
2021-12-08,1239365.8859928278
2021-12-09,1239365.8859928278
2021-12-10,1239365.8859928278
2021-12-13,1239365.8859928278
2021-12-14,1239365.8859928278
2021-12-15,1239365.8859928278
2021-12-16,1239365.8859928278
2021-12-17,1239365.8859928278
2021-12-20,1239365.8859928278
2021-12-21,1239365.8859928278
2021-12-22,1239365.8859928278
2021-12-23,1239365.8859928278
2021-12-24,1239365.8859928278
2021-12-27,1239365.8859928278
2021-12-28,1239365.8859928278
2021-12-29,1239365.8859928278
2021-12-30,1239365.8859928278
2021-12-31,1239365.8859928278
2022-01-03,1239365.8859928278
2022-01-04,1239365.8859928278
2022-01-05,1239365.8859928278
2022-01-06,1239365.8859928278
2022-01-07,1239365.8859928278
2022-01-10,1239365.8859928278
2022-01-11,1239365.8859928278
2022-01-12,1239365.8859928278
2022-01-13,1239365.8859928278
2022-01-14,1239365.8859928278
2022-01-17,1239365.8859928278
2022-01-18,1239365.8859928278
2022-01-19,1239365.8859928278
2022-01-20,1239365.8859928278
2022-01-21,1239365.8859928278
2022-01-24,1239365.8859928278
2022-01-25,1239365.8859928278
2022-01-26,1239365.8859928278
2022-01-27,1239365.8859928278
2022-01-28,1239365.8859928278
2022-01-31,1239365.8859928278
2022-02-01,1239365.8859928278
2022-02-02,1239365.8859928278
2022-02-03,1239365.8859928278
2022-02-04,1239365.8859928278
2022-02-07,1239365.8859928278
2022-02-08,1239365.8859928278
2022-02-09,1239365.8859928278
2022-02-10,1239365.8859928278
2022-02-11,1239365.8859928278
2022-02-14,1239365.8859928278
2022-02-15,1239365.8859928278
2022-02-16,1239365.8859928278
2022-02-17,1239365.8859928278
2022-02-18,1239365.8859928278
2022-02-21,1239365.8859928278
2022-02-22,1239365.8859928278
2022-02-23,1239365.8859928278
2022-02-24,1239365.8859928278
2022-02-25,1239365.8859928278
2022-02-28,1239365.8859928278
2022-03-01,1239365.8859928278
2022-03-02,1239365.8859928278
2022-03-03,1240204.8380988236
2022-03-04,1237907.0279287065
2022-03-07,1237900.5568022719
2022-03-08,1236234.8399853632
2022-03-09,1239243.7993615046
2022-03-10,1242341.5823476424
2022-03-11,1242179.668118852
2022-03-14,1243052.6847927424
2022-03-15,1247028.5747528558
2022-03-16,1247450.1304343615
2022-03-17,1248872.8561323353
2022-03-18,1246949.7820625973
2022-03-21,1249236.9510360358
2022-03-22,1249309.1115054744
2022-03-23,1253575.5574441685
2022-03-24,1248138.6313431147
2022-03-25,1250584.0278581479
2022-03-28,1249660.2705761807
2022-03-29,1251440.902153455
2022-03-30,1255859.1639734062
2022-03-31,1249042.2993863719
2022-04-01,1252646.4369745748
2022-04-04,1252491.1393913561
2022-04-05,1252491.1393913561
2022-04-06,1252491.1393913561
2022-04-07,1251595.797059176
2022-04-08,1251476.2391344535
2022-04-11,1251476.2391344535
2022-04-12,1251476.2391344535
2022-04-13,1251476.2391344535
2022-04-14,1251476.2391344535
2022-04-15,1251476.2391344535
2022-04-18,1251476.2391344535
2022-04-19,1251476.2391344535
2022-04-20,1251476.2391344535
2022-04-21,1251476.2391344535
2022-04-22,1251476.2391344535
2022-04-25,1251476.2391344535
2022-04-26,1251476.2391344535
2022-04-27,1251476.2391344535
2022-04-28,1251476.2391344535
2022-04-29,1251476.2391344535
2022-05-02,1251476.2391344535
2022-05-03,1251476.2391344535
2022-05-04,1251476.2391344535
2022-05-05,1251476.2391344535
2022-05-06,1251476.2391344535
2022-05-09,1251476.2391344535
2022-05-10,1251476.2391344535
2022-05-11,1251476.2391344535
2022-05-12,1251476.2391344535
2022-05-13,1251476.2391344535
2022-05-16,1251476.2391344535
2022-05-17,1251476.2391344535
2022-05-18,1251476.2391344535
2022-05-19,1251476.2391344535
2022-05-20,1251476.2391344535
2022-05-23,1251476.2391344535
2022-05-24,1251476.2391344535
2022-05-25,1251476.2391344535
2022-05-26,1251476.2391344535
2022-05-27,1251476.2391344535
2022-05-30,1251476.2391344535
2022-05-31,1251476.2391344535
2022-06-01,1251476.2391344535
2022-06-02,1251476.2391344535
2022-06-03,1251476.2391344535
2022-06-06,1251476.2391344535
2022-06-07,1251476.2391344535
2022-06-08,1251476.2391344535
2022-06-09,1251476.2391344535
2022-06-10,1251476.2391344535
2022-06-13,1251476.2391344535
2022-06-14,1251476.2391344535
2022-06-15,1251476.2391344535
2022-06-16,1251476.2391344535
2022-06-17,1251476.2391344535
2022-06-20,1251476.2391344535
2022-06-21,1251476.2391344535
2022-06-22,1251476.2391344535
2022-06-23,1251476.2391344535
2022-06-24,1251476.2391344535
2022-06-27,1251476.2391344535
2022-06-28,1251476.2391344535
2022-06-29,1251476.2391344535
2022-06-30,1251476.2391344535
2022-07-01,1251476.2391344535
2022-07-04,1251476.2391344535
2022-07-05,1251476.2391344535
2022-07-06,1251476.2391344535
2022-07-07,1251476.2391344535
2022-07-08,1251476.2391344535
2022-07-11,1251476.2391344535
2022-07-12,1251476.2391344535
2022-07-13,1251476.2391344535
2022-07-14,1251476.2391344535
2022-07-15,1251476.2391344535
2022-07-18,1251476.2391344535
2022-07-19,1251476.2391344535
2022-07-20,1251476.2391344535
2022-07-21,1251476.2391344535
2022-07-22,1251476.2391344535
2022-07-25,1251476.2391344535
2022-07-26,1251476.2391344535
2022-07-27,1251476.2391344535
2022-07-28,1251476.2391344535
2022-07-29,1251476.2391344535
2022-08-01,1251476.2391344535
2022-08-02,1251476.2391344535
2022-08-03,1251476.2391344535
2022-08-04,1251476.2391344535
2022-08-05,1251476.2391344535
2022-08-08,1251476.2391344535
2022-08-09,1251476.2391344535
2022-08-10,1251476.2391344535
2022-08-11,1251680.1575275913
2022-08-12,1250662.2732871412
2022-08-15,1248572.8207959817
2022-08-16,1252005.9531866412
2022-08-17,1251826.3454791114
2022-08-18,1254719.8842507391
2022-08-19,1250956.9292780638
2022-08-22,1253970.185771784
2022-08-23,1253104.3048049144
2022-08-24,1253681.1115487241
2022-08-25,1253571.66667103
2022-08-26,1253571.66667103
2022-08-29,1253571.66667103
2022-08-30,1253571.66667103
2022-08-31,1253571.66667103
2022-09-01,1253571.66667103
2022-09-02,1253571.66667103
2022-09-05,1253571.66667103
2022-09-06,1253571.66667103
2022-09-07,1253571.66667103
2022-09-08,1253571.66667103
2022-09-09,1253571.66667103
2022-09-12,1253571.66667103
2022-09-13,1253571.66667103
2022-09-14,1253571.66667103
2022-09-15,1253571.66667103
2022-09-16,1253571.66667103
2022-09-19,1253571.66667103
2022-09-20,1253571.66667103
2022-09-21,1253571.66667103
2022-09-22,1253571.66667103
2022-09-23,1253571.66667103
2022-09-26,1253571.66667103
2022-09-27,1253571.66667103
2022-09-28,1253571.66667103
2022-09-29,1253571.66667103
2022-09-30,1253571.66667103
2022-10-03,1253571.66667103
2022-10-04,1253571.66667103
2022-10-05,1253571.66667103
2022-10-06,1253571.66667103
2022-10-07,1253571.66667103
2022-10-10,1253571.66667103
2022-10-11,1253571.66667103
2022-10-12,1253571.66667103
2022-10-13,1253571.66667103
2022-10-14,1253571.66667103
2022-10-17,1253571.66667103
2022-10-18,1253571.66667103
2022-10-19,1253571.66667103
2022-10-20,1253571.66667103
2022-10-21,1254982.4442658755
2022-10-24,1254143.5849539326
2022-10-25,1256339.886861827
2022-10-26,1257724.3457993106
2022-10-27,1258530.6572473403
2022-10-28,1253205.1556759742
2022-10-31,1251435.3285431731
2022-11-01,1258517.2793844417
2022-11-02,1255027.7547910775
2022-11-03,1258736.0612743488
2022-11-04,1258612.8803330031
2022-11-07,1258908.5199081982
2022-11-08,1260293.0435852436
2022-11-09,1259421.9487395908
2022-11-10,1262714.3974795889
2022-11-11,1263474.847324465
2022-11-14,1262255.9778353765
2022-11-15,1264328.7114584823
2022-11-16,1266405.5343036947
2022-11-17,1269300.0112639712
2022-11-18,1269663.4410529304
2022-11-21,1270081.6907193556
2022-11-22,1269435.673025331
2022-11-23,1274613.2608561444
2022-11-24,1272762.4652892502
2022-11-25,1273131.0402664607
2022-11-28,1272424.505514793
2022-11-29,1272349.5274986099
2022-11-30,1274540.5478956138
2022-12-01,1276846.6789252234
2022-12-02,1272401.8455390274
2022-12-05,1278430.1688518112
2022-12-06,1278964.2285771826
2022-12-07,1278964.2285771826
2022-12-08,1280370.4660036522
2022-12-09,1281163.8056094707
2022-12-12,1279826.0558707984
2022-12-13,1282433.4465135892
2022-12-14,1279786.9079365463
2022-12-15,1281461.6676767268
2022-12-16,1285644.4766777414
2022-12-19,1282683.1543761576
2022-12-20,1285857.847827512
2022-12-21,1283554.9834895045
2022-12-22,1284517.9135067381
2022-12-23,1285718.2846987573
2022-12-26,1285548.770047145
2022-12-27,1286793.0393535623
2022-12-28,1287279.5997749646
2022-12-29,1285736.9309318028
2022-12-30,1288700.9072603253
2023-01-02,1289317.5564741523
2023-01-03,1292425.3176291732
2023-01-04,1291163.110615803
2023-01-05,1288996.2174010393
2023-01-06,1288856.144589377
2023-01-09,1288856.144589377
2023-01-10,1288856.144589377
2023-01-11,1288856.144589377
2023-01-12,1288856.144589377
2023-01-13,1288856.144589377
2023-01-16,1288856.144589377
2023-01-17,1288856.144589377
2023-01-18,1288856.144589377
2023-01-19,1288856.144589377
2023-01-20,1288856.144589377
2023-01-23,1288856.144589377
2023-01-24,1288856.144589377
2023-01-25,1288856.144589377
2023-01-26,1288856.144589377
2023-01-27,1288856.144589377
2023-01-30,1288856.144589377
2023-01-31,1288856.144589377
2023-02-01,1288856.144589377
2023-02-02,1288856.144589377
2023-02-03,1288856.144589377
2023-02-06,1288856.144589377
2023-02-07,1288856.144589377
2023-02-08,1288856.144589377
2023-02-09,1288856.144589377
2023-02-10,1288856.144589377
2023-02-13,1288856.144589377
2023-02-14,1288856.144589377
2023-02-15,1288856.144589377
2023-02-16,1288856.144589377
2023-02-17,1288856.144589377
2023-02-20,1288856.144589377
2023-02-21,1288856.144589377
2023-02-22,1288856.144589377
2023-02-23,1288856.144589377
2023-02-24,1288856.144589377
2023-02-27,1288856.144589377
2023-02-28,1288856.144589377
2023-03-01,1288856.144589377
2023-03-02,1288856.144589377
2023-03-03,1288856.144589377
2023-03-06,1288856.144589377
2023-03-07,1288856.144589377
2023-03-08,1288856.144589377
2023-03-09,1288856.144589377
2023-03-10,1288856.144589377
2023-03-13,1288856.144589377
2023-03-14,1288856.144589377
2023-03-15,1288856.144589377
2023-03-16,1288856.144589377
2023-03-17,1288856.144589377
2023-03-20,1288856.144589377
2023-03-21,1288856.144589377
2023-03-22,1288856.144589377
2023-03-23,1288856.144589377
2023-03-24,1288856.144589377
2023-03-27,1288856.144589377
2023-03-28,1288856.144589377
2023-03-29,1288856.144589377
2023-03-30,1288856.144589377
2023-03-31,1288856.144589377
2023-04-03,1287678.957859607
2023-04-04,1292553.9973344645
2023-04-05,1292224.7994744314
2023-04-06,1292161.95117872
2023-04-07,1293370.8857495554
2023-04-10,1290822.3339852858
2023-04-11,1294119.5323493062
2023-04-12,1290573.6966455549
2023-04-13,1292122.4423795529
2023-04-14,1292337.2495176801
2023-04-17,1292427.1156899352
2023-04-18,1293894.5190124207
2023-04-19,1292044.687529239
2023-04-20,1292763.0065062265
2023-04-21,1294944.0746059841
2023-04-24,1298059.108257646
2023-04-25,1298890.3234359976
2023-04-26,1298222.6176206009
2023-04-27,1299086.5926487506
2023-04-28,1297015.1840834457
2023-05-01,1301767.2273393485
2023-05-02,1300227.7070885946
2023-05-03,1302805.465566682
2023-05-04,1300920.779089146
2023-05-05,1306360.3670393222
2023-05-08,1303115.8361323816
2023-05-09,1299719.9129202063
2023-05-10,1299542.4837710308
2023-05-11,1294466.316582404
2023-05-12,1294629.1220495717
2023-05-15,1293372.055103833
2023-05-16,1298014.726807293
2023-05-17,1295934.042423912
2023-05-18,1294900.8658039845
2023-05-19,1297845.8050608535
2023-05-22,1300011.6161109065
2023-05-23,1296019.5884902033
2023-05-24,1299316.367849103
2023-05-25,1298213.6219791216
2023-05-26,1295687.3714844466
2023-05-29,1296481.7390033328
2023-05-30,1296339.8681764582
2023-05-31,1296339.8681764582
2023-06-01,1296339.8681764582
2023-06-02,1296339.8681764582
2023-06-05,1296339.8681764582
2023-06-06,1296339.8681764582
2023-06-07,1296339.8681764582
2023-06-08,1296339.8681764582
2023-06-09,1296339.8681764582
2023-06-12,1296339.8681764582
2023-06-13,1296339.8681764582
2023-06-14,1296339.8681764582
2023-06-15,1296339.8681764582
2023-06-16,1296339.8681764582
2023-06-19,1296339.8681764582
2023-06-20,1296339.8681764582
2023-06-21,1296339.8681764582
2023-06-22,1296339.8681764582
2023-06-23,1296339.8681764582
2023-06-26,1296339.8681764582
2023-06-27,1296339.8681764582
2023-06-28,1296339.8681764582
2023-06-29,1296339.8681764582
2023-06-30,1296339.8681764582
2023-07-03,1296339.8681764582
2023-07-04,1296339.8681764582
2023-07-05,1296339.8681764582
2023-07-06,1296339.8681764582
2023-07-07,1296339.8681764582
2023-07-10,1296339.8681764582
2023-07-11,1296339.8681764582
2023-07-12,1296339.8681764582
2023-07-13,1296339.8681764582
2023-07-14,1296339.8681764582
2023-07-17,1296339.8681764582
2023-07-18,1296339.8681764582
2023-07-19,1296339.8681764582
2023-07-20,1296339.8681764582
2023-07-21,1296339.8681764582
2023-07-24,1296339.8681764582
2023-07-25,1296339.8681764582
2023-07-26,1296339.8681764582
2023-07-27,1296339.8681764582
2023-07-28,1296339.8681764582
2023-07-31,1296339.8681764582
2023-08-01,1296339.8681764582
2023-08-02,1296339.8681764582
2023-08-03,1297200.0680448045
2023-08-04,1297620.2250648267
2023-08-07,1301459.216320472
2023-08-08,1298263.6520199222
2023-08-09,1300879.157309051
2023-08-10,1299028.3800084468
2023-08-11,1302625.0863416872
2023-08-14,1300846.9198229914
2023-08-15,1301057.1905241539
2023-08-16,1300567.353288441
2023-08-17,1302162.2380858185
2023-08-18,1301516.2579585426
2023-08-21,1302864.4856607579
2023-08-22,1301585.4479510563
2023-08-23,1304381.747132278
2023-08-24,1308307.2368108653
2023-08-25,1306366.487212105
2023-08-28,1303991.4058865013
2023-08-29,1305082.9873257815
2023-08-30,1305254.3103344915
2023-08-31,1308481.5660178673
2023-08-31,1308337.4920826235
